"","gsm1667144","gsm1667145","gsm1667146","gsm336252","gsm336253","gsm336254","gsm336255","gsm336256","gsm336257","gsm336258","gsm336259","gsm336260","gsm336261","gsm336262","gsm336263","gsm336264","gsm336265","gsm336266","gsm336267","gsm336268","gsm336269","gsm336270","gsm336271","gsm336272","gsm336273","gsm336274","gsm336275","gsm336276","gsm336277","gsm336278","gsm52661","gsm52662","gsm52663","gsm52664","gsm52665","gsm52666","gsm52667","gsm52668","gsm52669","gsm52670","gsm52671","gsm9098","gsm9099","gsm9100","gsm9101","gsm9102","gsm569424","gsm569425","gsm569426","gsm569427","gsm569428","gsm1667147ul","gsm1667148ul","gsm1667149ul","gsm336202ul","gsm336203ul","gsm336204ul","gsm336205ul","gsm336206ul","gsm336207ul","gsm336208ul","gsm336209ul","gsm336210ul","gsm336211ul","gsm336212ul","gsm336213ul","gsm336214ul","gsm336215ul","gsm336216ul","gsm336217ul","gsm336218ul","gsm336219ul","gsm336220ul","gsm336221ul","gsm336222ul","gsm336223ul","gsm336224ul","gsm336225ul","gsm336226ul","gsm336227ul","gsm336228ul","gsm336229ul","gsm336230ul","gsm336231ul","gsm336232ul","gsm336233ul","gsm336234ul","gsm336235ul","gsm336236ul","gsm336237ul","gsm336238ul","gsm336239ul","gsm336240ul","gsm336241ul","gsm336242ul","gsm336243ul","gsm336244ul","gsm336245ul","gsm336246ul","gsm336247ul","gsm336248ul","gsm336249ul","gsm336250ul","gsm336251ul","gsm38689ul","gsm38690ul","gsm38691ul","gsm38692ul","gsm38693ul","gsm38694ul","gsm38695ul","gsm9093ul","gsm9094ul","gsm9095ul","gsm9096ul","gsm9097ul","gsm569429ul","gsm569430ul","gsm569431ul","gsm569432ul","gsm569433ul","nonUL_Mean","UL_Mean","Difference_UL_minus_non_means"
"ZNF750",3.19,3.04,3.23,0,2.1,-1.74,-1,1.14,1.07,-0.32,-1.74,0.77,2.38,0.26,-1.32,1.38,1.49,1.07,3,-0.15,-1.32,2.49,0,3.78,2.26,2.41,-0.32,-0.32,2.89,-1,2.61,2.46,2.66,2.94,1.96,1,-1,2.14,2.26,0.14,-1.32,1.85,5.28,-0.51,1.43,0.14,3.45,3.29,3.32,3.26,3.23,2.46,2.94,3.14,-1.32,-1.74,-0.51,-0.15,-1.74,-0.74,0.77,2,-1.74,-1.74,-0.32,1.54,-1.74,0.49,1.14,2.66,1.2,-0.32,-0.51,-0.32,-1.32,2.17,0.93,-0.15,-3.32,0,-1,-1.32,-1.32,-2.32,0.26,-0.32,2.54,2.32,1.81,-0.32,0.14,-0.32,-2.32,1.07,2.58,1.96,-0.74,0,-1.32,1,1.63,0.26,-2.32,-1.74,2.7,-1,2.68,0.26,3.07,3.28,2.72,2,0,-1,2.54,-0.32,3.22,3.39,3.32,3.32,3.28,1.36,0.53,-0.82
"SOCS3",8.7,11.67,7.57,8.55,4.55,7.03,5.85,4.7,8.33,6.75,5.13,5.91,5.01,4.31,6.87,7.6,6.25,6.18,5.76,4.93,4.18,8.97,5.36,6.03,4.3,10.78,7.61,9.92,6.03,6.31,4.43,3.7,3.13,4.18,4.08,5.15,4.92,5.95,4.01,3.46,4.76,7.47,6.81,7.69,5.08,5.59,5.24,5.73,4.69,4.79,4.35,8.34,7.48,5.94,7.31,6.03,5.02,4.1,3.79,4.37,4.64,6.01,4.71,4.05,4.18,4.8,3.76,4.83,4.24,5.13,4.3,4.72,5.3,4.19,4.61,8.77,5.66,5.31,6.96,6.58,4.64,5.39,5.05,4.07,5.62,5.54,5.04,4.58,4.75,4.58,5.85,5.77,4.83,3.6,9.75,6,5.54,7.21,5.42,6.13,7.06,5.19,5.35,6.87,4.3,3.47,2.54,4.62,3.81,4.86,4.73,5.46,5.34,4.19,5.04,4.96,5.11,5.2,4.68,4.58,4.54,6.01,5.23,-0.77
"CBX7",13.49,13.66,13.09,9.26,9.57,9.62,9.64,9.51,9.16,9.9,9.3,9.41,9.47,9.88,9.84,9.75,9.39,9.26,9.76,9.59,9.14,9.11,8.48,8.55,9.69,9.16,9.42,9.56,9.95,9.84,8.95,8.13,8.76,8.91,7.71,7.97,8.06,9.14,8.06,6.4,8.7,8.87,7.87,7.95,8.11,8.24,8.05,7.78,7.25,8.85,7.69,12.54,11.84,12.76,9.35,8.68,8.26,8.35,8.47,8.9,7.71,8.4,8.15,8.63,8.75,7.03,9.11,8.58,8.01,8.98,8.53,7.42,9.33,9.58,8.24,9.17,8.63,8.56,8.47,9.31,8.25,8.73,8.78,9,8.66,8.1,7.94,8.68,8.95,8.46,9.02,8.62,9,9.6,8.92,8.25,8.02,9.03,8.66,9.63,9.63,9.28,8.99,8.38,7.7,7.78,6.65,6.7,6.8,7.22,6.85,6.77,7.91,8.24,7.02,7.53,8.38,7.07,7.82,7.05,7.52,9.15,8.5,-0.65
"C1QTNF1",8.06,7.14,6.42,5.86,5.33,5.78,6.25,5.88,5.78,5.85,6.13,5.2,5.58,5.78,5.06,5.98,4.81,6.52,5.09,6.53,5.46,5.77,6.26,6.17,5.38,6.02,5.81,5.85,5.38,5.36,7.23,6.64,6.59,6.9,6.45,6.75,6.94,6.49,6.66,5.31,6,7.01,6.4,6.8,6.72,6.92,6.98,7.56,6.44,7.06,6.57,6.16,4.49,6.05,5.67,5.16,5.3,4.7,5.39,5.22,5.69,5.69,5.44,5.69,5.61,5.28,5.77,4.5,5.4,5.19,5.54,4.77,5.75,5.38,4.99,6.23,5.11,5.82,4.99,5.2,4.73,5.86,5.72,5.9,5.41,6.13,5.89,5.61,5.03,6.01,5.47,6.46,5.61,4.93,5.4,4.46,5.77,5.52,4.21,4.36,5.22,5.14,5.14,5.7,6.76,6.58,6.21,6.27,6.78,7.06,3.34,5.87,6.69,6.4,7.26,7.4,6.81,6.76,6.72,6.14,6.55,6.21,5.65,-0.56
"SLC38A10",12.11,11.83,11.88,6.05,5.63,5.54,5.68,5.99,5.89,6.26,6.39,5.51,6.15,6.04,5.45,6.05,5.84,5.89,5.6,6.06,5.42,5.14,5.15,5.45,5.21,5.59,5.35,5.63,5.94,5.66,8.62,7.8,7.96,7.83,7.82,7.67,8.58,7.78,7.68,7.16,7.49,7.3,7.46,7.97,7.37,7.73,6.17,7.47,7.56,7.84,7.87,11.85,11.1,11.5,5.9,6.09,5.69,5.06,5.29,5.19,5.75,5.5,5.71,5.66,5.77,5.17,6.27,5.8,6.07,5.44,5.63,5.43,6.27,6.04,5.77,6.33,5.82,6.1,5.28,5.81,5.68,6.04,5.61,6.05,5.74,5.49,5.28,5.34,5.09,5.81,5.07,5.32,5.39,5.43,5.33,5.31,5.81,5.39,5.45,5.65,5.66,5.43,5.69,6.18,8.14,7.1,7.55,6.86,7.83,7.79,7.9,8.1,7.83,7.02,7.6,7.99,6.77,6.64,7.81,6.95,7.59,6.89,6.34,-0.55
"CARD10",12.13,11.26,10.94,5.42,6.09,5.45,6.2,6.62,6.03,7.26,6.05,5.23,6.04,6.73,5.61,6.59,5.91,5.41,5.51,5.68,6.11,5.33,5.13,5.32,5.64,6.22,6.46,6.27,6.92,5.67,5.35,4.69,4.73,5.13,4.42,5.36,5.11,4.8,4.75,4.99,4.28,6.01,5.3,5.5,6.27,6.02,5.96,5.39,5.38,5.87,5.64,10.9,10.55,11.7,6.3,5.22,5.01,5.03,5.36,4.68,5.17,5.27,5.3,5.21,4.95,4.9,5.25,5.41,5.18,5.62,5.81,5.34,5.83,5.97,5.39,6.38,5.03,5.49,4.48,4.67,4.01,4.82,5.55,6.42,5.13,4.32,4.86,5.1,5.35,5.67,5.02,5.42,6.06,6.26,5.22,4.32,5.39,6.56,4.98,5.44,6.04,5.08,4.77,6.15,4.95,4.55,4.22,4.78,4.3,4.68,4.43,4.92,4.77,4.94,5.08,4.9,5.52,5.64,5.3,5.2,5.19,6,5.47,-0.54
"GRAP2",3.22,4.04,3.76,1.32,1.77,1.93,1.07,1.49,2.26,0.38,1.14,1.38,3.49,3.28,0.49,3.75,3.9,1.85,1.32,1.72,2.17,1.26,2.94,2.54,3.56,1.93,4.33,2.51,2,1.81,0.85,1.26,3.73,1.2,2,2.85,1,3.92,1.72,0.85,1.26,2.29,2.61,1.38,2.41,2.17,6.08,5.17,5.07,5.01,4.65,2.96,3.43,3.95,1.38,3.71,1.32,0.26,0.93,1.96,0.77,2.14,0.85,1.2,1.2,2.35,1.58,1.07,0.38,0.49,1.2,0.68,3.51,1.07,2.35,0.58,0.68,2.07,0.49,3.62,3.64,1,1.26,1.43,1.49,3.02,1.49,0.85,1,2.2,1.14,1.96,0.38,0.38,2.23,1.49,1.26,0.93,1.43,1,1,2.51,1.14,0.68,3.57,2.68,0.49,1.85,2.7,1.89,2.51,3.39,2.43,1.81,2.46,2.2,5.68,5.44,5.04,4.64,4.74,2.47,1.95,-0.52
"RAC2",9.8,9.98,9.3,6.01,6.39,5.77,6.49,6.53,6.56,6.73,6.71,6.35,6.39,6.33,5.58,5.91,6.24,5.76,6.53,6.04,6.18,5.8,5.99,6.01,6.01,6.22,5.43,6.45,6.15,5.87,5.54,5.21,5.55,6.16,5.02,5.55,5.4,5.99,6.07,5.53,5.69,6.1,6.01,5.57,6.11,6.37,6.14,5.56,6.25,5.62,5.67,8.04,8.54,8.95,6.31,6.1,5.58,4.61,4.89,4.84,4.37,4.88,4.79,4.93,4.36,5.52,4.33,5.75,6.31,6.21,5.57,4.96,6.38,6,4.94,6.45,5.02,6.3,4.9,6.04,5.58,5.82,5.31,6.12,6.36,6.4,5.66,4.56,4.65,5.42,5.94,5.72,5.27,5.86,5.63,6.43,5.28,5.12,4.77,4.9,5.2,6.32,5.68,8.05,5.08,5.24,5.61,5.84,5.92,6.14,6.14,5.86,6.25,5.28,5.88,6.07,5.95,5.35,5.94,5.21,5.36,6.21,5.7,-0.51
"EPS8L2",8.32,7.33,6.96,4.58,4.38,4.95,5.14,4.73,5.45,4.82,4.97,4.04,5.08,4.46,4.14,4.95,4.97,3.63,3.73,4.66,4.52,3.18,4.43,4.7,3.85,4.98,4.33,5.12,4.04,4.8,5.18,4.87,4.75,4.88,5.39,4.26,5.62,5.57,3.68,5.52,5.57,6.22,4.06,2.72,5.44,5.07,6.09,5.48,5.95,5.61,5.84,7.58,4.67,5.23,4.79,4.5,5.14,4.93,5.01,5.38,4.9,4.69,4.87,4.53,4.43,3.01,2.87,4.21,4.91,4.8,3.82,4.33,4.89,4.43,5,4.84,3.19,4.2,3.93,5.34,3.62,3.49,4.24,4.3,5.21,4.36,4.08,3.69,2.89,3.2,3.69,3.04,4.21,4.39,4.99,5.17,5.04,1.87,5.15,3.72,4.17,4.92,4.74,4.82,5.09,5.15,5.52,5.22,5.52,5.8,2.61,2.72,3.05,3.34,4.43,2.98,6.27,5.7,5.46,5.25,5.08,4.96,4.47,-0.5
"TNNI2",6.01,5.69,9.81,1.07,0.93,0.85,1.68,1,3.25,1.43,0.85,1.38,0.93,1.38,0.49,0.85,0.58,1,1.2,2.17,1.07,0.49,1.32,2.23,0.49,1.85,0.58,1.2,0.77,1.81,0.58,0.68,0.93,1.63,3.55,2.87,1.85,0.49,0.26,0.77,0.49,1.58,2.49,2.32,3.19,1.43,5.23,4.41,4.61,4.56,4.34,5.74,4.43,7.14,1.14,1.72,1.14,0.68,1.93,1.96,0.85,1.49,0.68,1.49,1,0.68,0.93,1,0.14,1.2,1.14,1.2,0.77,0.49,1.32,1.07,1,0.85,1.07,1.26,1.77,0.58,0.38,0.49,1.49,1.63,0.93,0.38,0.49,1.38,1,2,0.38,0.38,1.2,0.68,1.93,0.85,0.93,0.93,1.32,0.77,1,1.26,1.2,0.14,-0.15,1.32,0.58,1.58,0.38,1.72,1.38,2.38,1.54,1.85,4.94,5.07,4.49,4.47,4.52,2.01,1.53,-0.48
"IRAK3",7.04,4.12,7.22,5.58,5.27,5.33,5.58,5.54,5.5,5.88,5.11,4.57,4.87,5.45,5.27,5.79,5.07,5.48,5.54,5.64,5.04,5.62,5.43,4.9,5.64,5.25,5.3,5.42,5.74,5.37,4.24,3.86,4.88,4.27,4.83,4.9,4.73,5.31,3.9,3.27,4.16,4.61,2.79,4.39,4.56,4.29,3.95,3.94,3.87,4.01,3.6,5.55,6.33,6.98,5.45,4.97,4.48,3.85,4.5,4.55,4.3,3.88,4.65,4,4.08,4.87,4.59,4.07,4.13,4.92,5.33,4.75,4.98,4.46,4.61,5.42,4.39,5.04,4.21,3.85,2.92,5.87,5.63,5.55,3.77,4.42,5.22,4.33,4.21,4.93,5.15,5.36,5.16,5.13,5.12,3.66,4.41,4.64,3.82,4.78,5.51,4.73,4.18,4.89,3.74,3.29,3.23,4.29,4.44,3.91,4.16,3.01,3.66,3.58,4.41,2.91,3.71,3.75,3.72,3.78,3.82,4.94,4.49,-0.45
"CYTH1",11.42,11.63,11.29,6.07,5.69,5.75,5.84,5.97,6.31,5.54,6.06,5.62,5.39,5.5,5.83,5.84,6.06,6.13,6.13,5.94,5.5,5.72,5.23,5.88,5.66,6.31,5.52,5.86,5.65,5.82,5.22,4.98,5.35,4.67,5.09,5.15,5.15,5.58,5.33,4.88,4.95,6.13,6.29,6.19,5.32,5.86,5.99,5.73,4.95,5.49,5.15,11.13,10.94,3.14,5.75,5.92,5.65,5.54,4.86,5.43,5.62,5.45,5.73,5.33,5.24,5.5,5.35,5.59,5.09,5.98,5.28,5.09,6.04,5.86,5.71,6.09,5.17,5.57,5.48,5.29,5.79,5.85,5.84,5.68,5.28,5.21,5.13,4.81,5.45,5.7,5.83,6.27,5.99,5.79,5.86,5.4,5.81,5.47,5.57,5.28,5.83,5.95,5.72,6.08,4.78,5.21,4.39,3.34,5.14,4.67,4.07,4.84,5.33,4.92,5.38,5.42,5.45,5.64,5.49,5.22,5.09,5.97,5.55,-0.42
"SLC25A10",5.78,2.51,3.14,3.29,4.29,3.8,4.15,4.76,4.1,4.3,4.34,3.43,4.51,4.12,3.74,4.64,3.88,2.72,5,5.44,3.38,0.85,4.36,3.99,3.25,1.63,3.84,4.98,4.18,3.39,4.21,4.52,2.32,4.87,5.01,4.94,4.56,4.69,3.15,4.94,3.55,5.05,3.47,3.68,2.26,4.04,5.75,5.27,5.22,5.37,5.35,4.8,2.68,3.14,1.85,4.23,4.41,4.14,4.85,4.47,3.6,4.36,2.7,1.96,2.94,2.17,4.9,4.24,4.5,2.32,4.3,4.12,1.07,4.02,4.09,4.58,1.72,2.96,1.32,2.23,4.22,2.81,2.54,4.44,4.78,2.23,4.43,4.38,4.77,4.69,0.93,2.07,0.58,4.1,2.58,2.87,4.34,1.68,3.8,4.26,3.66,4.18,4.35,4.61,4.89,3.07,3.17,3.63,4.03,4.4,4.66,3.05,3.98,4.83,4.56,4.86,5.35,5.91,5.34,5.27,5.29,4.08,3.69,-0.39
"DNAH17",3.55,3.34,4.79,2.84,3.32,3.74,2.71,2.75,5.01,2.55,3.52,3.78,2.74,3.36,1.04,2.69,3.52,2.64,3.09,3.7,2.28,3.73,3.87,4.04,3.5,4.51,3.18,3.17,2.19,3.08,4.27,3.22,3.52,4.98,5.61,5.06,4.43,4.4,4.72,1.72,4.41,5.04,4.06,3.72,3.98,4.08,4.82,4.48,4.36,4.33,4.13,2.62,2.98,3.14,2.54,3.03,3.68,3.57,1.56,3.93,2.7,1.23,3.94,2.71,3.7,3.39,2.12,3.34,3.47,3.63,1.46,3.8,2.49,3.18,2.17,3.9,3.31,2.66,2.29,2.1,3.5,3.19,3.62,2.56,3.26,4,3.15,3.56,3.81,4.31,3.06,3.79,2.29,1.77,3.56,3.42,3.33,3.55,3.19,2.02,3.63,2.14,3.34,4.01,2,3.2,4.4,5.38,3.2,2.49,4.6,2.2,4.81,4.31,4.61,5.58,4.78,4.68,4.19,4.31,4.23,3.68,3.31,-0.37
"SCT",4.57,5.34,5.7,0.58,0.26,1.32,0.93,0.38,2.07,1.26,2.04,0,0.68,0.85,0.77,0.38,1.07,1,0.26,1.43,1.14,0.38,0.85,0.49,0.85,1.2,0.93,2.26,0.26,0.85,1.49,2,-1,-0.74,3.5,0.14,0.85,-0.32,-1.32,-1,1.07,0.85,2.43,2.77,-0.15,1.72,6.49,4.88,4.13,4.33,3.82,4.36,3.58,7.66,0.49,0.14,0.68,0.26,0.77,1.2,0.38,1.2,0.58,0.85,0.77,0.93,0.26,1.26,1.07,0.38,-0.15,0.68,0.38,0.14,1,0.68,0.38,1.68,0.38,1.14,0.58,0.49,0.49,0.38,0.77,1.49,0.26,0.38,0.38,0.58,0.26,1,0.38,0,0.77,0,1.49,0.38,1.58,2.49,0.49,0.68,0.49,0,-1,-0.32,-0.74,0.38,0.26,0.26,0.58,0.49,1.2,0.38,3.19,1.38,5.76,5.74,4.39,4.34,4.15,1.49,1.13,-0.36
"FN3K",4.37,5.33,6.53,0.49,2.72,0.93,2.43,-0.32,4.37,0.77,0.68,2,1.07,2.1,0,2.35,2.72,2.2,0.49,1.54,1.32,0.85,0.26,1.26,1.81,2.58,2.72,3.39,1.14,1.49,4.06,3.78,3.6,3.51,4.79,2.68,4.69,3.45,3.87,3.19,2.04,1.54,2.07,3.82,2.83,3.38,4.71,3.97,4.14,3.91,4.05,4.8,6.41,8.37,2.23,2.14,1.89,1.38,2.07,1.2,1.58,1.85,0.58,2.2,1.38,2.58,1.72,0.49,0.85,0.77,1.68,3.72,1.32,0.85,1,2.77,1.49,2.77,0.38,3.67,2.14,1.14,1.32,1,1.49,2.26,1.14,0.93,1.14,0.68,0.68,1.81,1.43,0.38,1.89,1.43,1,1.07,1.26,1.14,0.58,2.1,0.14,1.07,3.61,4.27,2.26,4.11,4.26,5,0.49,1.93,4.89,4.31,5.07,5.13,4.45,4.53,4.04,3.96,3.94,2.62,2.28,-0.34
"GALR3",14.48,12.82,12.62,2.58,3.6,3.42,4.51,3.49,5.71,3.7,4.55,2.85,1.58,3.6,3.95,2,4.67,3.87,3.51,3.35,3.36,3.41,4.09,3.66,2.77,4.27,4.53,4.15,2.17,2.98,4.72,5.29,5.15,4.64,3.32,3.94,4.31,4.94,4.79,5.4,4.78,5.38,5.13,3.9,3.61,4.81,6.83,5.89,5.9,5.55,5.45,14.1,12.87,13.56,1.43,2.58,3.64,4.04,4.36,2.87,3.34,4.25,4.13,4.34,2.72,4.87,3.25,4.05,5.04,1.54,3,4.47,3.2,3.79,3.25,4.69,4.52,3.19,2.89,3.73,3.12,1.26,1.38,4.71,4.77,3.47,5.65,4.73,2.35,5.5,2.85,4.93,2.61,1.93,3.05,4.22,3.46,4.15,3.15,2.68,3.31,3.35,4.63,5.2,3.42,4.41,5.35,5.45,5.06,5.33,4.14,4.77,4.73,4.09,4.66,4.56,6.38,6.42,5.8,5.74,5.53,4.71,4.37,-0.33
"INS",5.21,7.04,5.14,-0.15,0.14,0.14,1,0.26,1.93,-0.51,0.93,-0.74,1,-0.74,0.77,0.93,1.2,0.26,-0.15,2.77,0.77,0.49,0.38,1.81,1.14,1.93,1.63,2,1.58,0.38,-0.32,0.14,1,0.14,1.07,1,1.07,0.68,0.38,-0.32,0.14,1.32,2.56,0,1,0.85,4.78,4.32,4.13,4.07,3.94,4.48,5.44,7.36,0,-0.51,2.41,-0.32,0.38,0.58,-0.32,0.26,0.68,0.38,0.14,1.54,0.49,1.07,0.26,-0.15,0.93,1,1.58,-1,-0.51,0.77,0.77,0.68,-0.15,0.68,-0.32,0.77,0.26,-0.15,0.77,1.63,1,0.77,0.68,0,1.49,1.2,0.85,0.68,0.14,-0.15,0.93,0,1.07,-1,-0.32,0.49,0.49,-0.51,0.14,0.68,0.14,1,1.2,1.32,0.77,1.93,1.38,1.54,1.26,1.49,4.48,4.65,4.15,4.15,4.19,1.38,1.06,-0.32
"RPLP2",17.16,17.41,17.12,5.8,6.6,4.67,6.14,4.53,6.02,3.79,4.4,6.55,5.09,4.62,5.76,5.07,5.89,4.84,5.07,4.59,6.5,6.7,6.76,6.24,6.95,6.1,6.33,6.19,3.19,4.96,4.49,3.71,3.86,4.29,5.17,4.55,3.9,4.02,4.15,3.39,3.79,2.29,2.79,4.01,3.81,3.38,4.22,3.94,4.02,3.82,4.09,17.49,17.71,17.51,5.5,5.09,6.37,4.66,5.23,6.39,5.1,4.24,5.7,5.17,3.8,7.28,3.71,5.8,3.14,6.65,5.29,6.9,4.24,4.27,5.6,4.96,4.9,4.27,4.49,4.48,4.13,4.35,5.44,4.73,4.17,6.18,6.79,3.74,2.55,4.03,6.68,7.41,3.68,1.35,5.41,3.63,5.19,5.77,6.73,5.38,5.59,4.25,3.66,3.79,4.05,2.85,4.06,3.75,3.15,4.66,2.57,3.69,4.55,4.97,4.39,2.09,4.14,4.18,4.14,3.94,3.88,5.54,5.22,-0.32
"AATK",6.32,6.69,6.02,5.63,5.95,5.88,5.33,5.96,7.01,6.38,5.88,5.19,5.66,5.24,5.74,5.72,5.62,5.57,5.63,5.67,5.76,5.65,5.76,5.94,5.46,4.41,5.87,6.39,6.27,5.14,6.04,5.06,5.93,6.24,6.17,5.95,5.89,6.2,5.37,4.1,4.67,6.21,6.67,6.33,6.52,5.8,6.06,5.54,5.71,5.46,5.26,6.43,4.11,7.11,5.75,5.38,5.25,4.04,5.94,5,5.8,5.64,5.61,5.4,5.82,5.58,5.57,4.36,5.58,6.04,5.46,5.99,4.83,5.48,5.2,6.12,4.82,5.55,5.86,3.67,6.8,5.55,5.37,5.9,5.03,5.68,5.94,5.26,5.32,5.77,5.75,6.21,5.18,5.29,5.41,4.79,5.69,5.63,6.3,5.46,4.81,5.9,5.77,5.54,5.74,5.58,5.56,3.15,5.75,6.37,3.5,6.17,5.5,6.05,5.61,4.05,5.75,6.22,5.58,5.35,5.5,5.78,5.47,-0.31
"PKP3",9.19,7.85,7.04,3.96,4.33,3.99,4.69,4.08,3.31,4,4.2,4.04,4.4,4.23,4.13,3.59,4.3,4.99,4.03,3.77,4.49,4.89,5.11,4.89,4.84,4.07,4.45,4.47,3.81,3.84,4.55,4.41,4.47,4.44,5.63,5.14,4.33,4.85,4.78,5.34,3.93,6.02,4.87,5.43,6.02,5.22,6.58,5.57,5.41,5.34,5.65,5.19,5.24,7.97,4.01,2.93,3.26,4.26,4.88,4.86,4.63,5.33,4.16,4.3,4.69,5.85,4.98,4.33,4.42,4.16,4.28,4.07,4.13,3.72,3.75,3.99,3.04,3.96,3.82,3.31,4.65,3.94,4.15,3.77,4.34,4.86,5.1,3.16,3.8,4.66,5,5.27,4.47,3.14,3.61,3.52,5.25,4.33,4.37,3.37,4.27,4.66,4.74,4.46,4.49,3.6,4.69,4.34,4.89,4.94,5.48,5.16,5.3,5.71,5.12,5.26,6.13,5.97,5.4,5.12,5.14,4.84,4.53,-0.31
"PNPLA2",8.85,8.91,9.11,7.23,6.97,7.23,7.5,6.55,7.38,7.15,8.23,7.19,7.47,7.45,7.18,6.89,7.01,7.92,7.23,7.39,7.36,7.52,6.72,8.04,7.95,7.56,7.1,7.49,6.64,6.53,8.16,7.17,7.51,8,7.42,8.02,8.07,7.94,8.23,6.9,6.94,8.4,7.67,7.4,8.28,7.69,9.64,8.88,8.86,8.82,8.37,8.15,7.58,8.74,7.26,6.7,7.1,6.93,6.87,7.04,7.5,7.19,7,7.39,6.8,7.16,6.85,6.83,7.67,7.15,6.89,7.2,7.6,6.92,6.4,6.59,6.54,7.21,7.4,7.85,8.35,7.65,7.43,7.29,7.35,7.77,7.66,7.1,6.07,7.69,7.22,8.6,6.78,6.19,7.62,6.53,7.66,6.99,6.89,6.1,7.3,6.14,8.16,7.43,7.83,6.4,7.53,7.65,7.31,7.22,7.68,7.29,7.97,7.24,7.73,7.62,9.28,9.23,8.78,8.68,8.4,7.69,7.38,-0.31
"ATHL1",6.21,7.6,7.73,6.02,6.15,6,6.22,7.1,7.27,6.39,5.14,4.69,4.71,5.21,4.24,5.45,5.39,5.06,6.56,5.94,6.48,4.87,5.82,5.01,5.29,6.22,4.89,6.26,5.78,5.25,5.24,3.81,4.62,4.11,5.94,6.24,5.24,4.03,4.99,5.59,5.86,6.48,6.15,5.66,5.57,5.2,6.37,5.35,4.92,4.87,5.46,6.48,5.97,9.19,5.68,6.8,6.21,5.78,6.35,5.83,6.1,5.81,5.74,6.87,6.67,5.9,5.89,5.27,5.25,4.49,4.49,3.75,4.89,5.22,3.77,5.3,4.86,5.31,4.04,5.54,3.74,5.26,4.5,6.02,6.52,5.73,4.87,5.33,6.01,5.95,5.12,5.72,6.34,5.82,5.47,5.95,6.24,5.36,5.92,5.49,5.33,4.9,4.49,5.76,5.2,3.66,4.79,2.77,5.56,5.41,4.84,1.93,5.14,1.54,5.45,5.67,5.51,5.72,4.82,4.64,4.94,5.62,5.33,-0.29
"MFNG",10.66,9.54,10.03,5.07,5.14,5.26,5.44,5.87,5.37,5.73,6.04,4.54,5.42,5.71,5.58,5.93,5.14,5.05,5.11,5.8,5.51,5.24,5.08,5.62,5.46,5.16,4.79,5.73,5.54,5.52,5.58,4.89,5.05,5.37,5.69,5.55,4.76,5.19,5.08,4.14,4.94,5.17,5.26,5.1,5.93,5.75,5.52,5.09,4.92,4.94,4.72,9.91,9.81,10.2,4.97,4.52,4.88,4.72,4.92,4.72,5.07,4.66,4.42,4.79,4.61,5.2,5.53,5.35,5.03,5.56,5.27,5.55,5.69,5.33,4.75,5.39,4.2,5.53,4.75,5.03,4.23,5.58,5.42,5.89,4.7,5.23,5.38,4.55,4.74,4.83,5.34,5.88,4.96,5.26,5.35,4.96,5.15,5.41,4.82,4.99,5.02,5.5,4.88,5.8,4.69,4.93,4.91,5.28,5.12,5.48,4.61,5.28,5.63,5.2,5.15,5.84,5.07,5.32,4.92,4.81,4.76,5.58,5.3,-0.28
"MKL1",10.68,10.81,10.49,5.71,5.36,5.62,5.81,5.63,6.06,5.28,5.97,5.52,6.07,5.43,5.37,5.49,5.29,5.38,4.52,5.72,5.81,5.31,5.57,5.41,5.3,5.71,5.51,5.6,5.29,5.36,5.3,4.46,4.9,4.69,5.02,4.97,5.36,4.52,5.6,4.1,5.53,5.36,5.36,5.58,5.51,5.54,5.91,5.88,5.31,5.67,5.5,9.37,8.66,10.37,5.88,5.86,5.19,5.05,5.11,4.94,5.74,5.62,5.77,4.98,5.22,4.83,5.12,4.9,6.37,5.53,5.38,4.2,5.3,5.41,5.58,5.61,4.77,5.54,4.95,5.47,5.08,5.56,5.37,5.42,4.88,4.98,4.59,5.05,5.02,5.37,4.69,5.33,5.06,5.26,5.62,4.76,5.37,5.56,5.23,4.95,5.31,5.09,5.16,5.6,5.55,4.62,4.85,5.03,4.84,5.52,4.89,5.1,5.45,4.49,5.52,5.64,5.73,5.92,6.01,5.25,5.38,5.71,5.44,-0.27
"SIGIRR",11.03,11.64,11.85,7.79,7.29,7.13,7.4,7.87,8.07,7.63,8.18,6.85,8.12,7.9,7.53,7.46,7.65,7.6,7.35,7.8,7.6,6.77,6.8,6.99,6.52,7.43,7.5,7.63,8.15,7.49,6.49,6.36,6.77,6.44,5.59,6.17,7.06,6.23,6.14,5.77,6.06,7.21,7.32,7.23,7.32,7.13,6.31,6.51,6.17,6.58,6.52,10.58,9.9,10.72,7.55,7.76,8.58,7.49,7.55,7.4,7.8,7.91,7.83,7.5,7.58,7.41,7.42,7.64,7.62,6.99,7.25,6.63,7.64,7.45,8.15,8.09,7.35,7.63,5.07,6.83,4.81,7.09,7.49,7.21,6.33,5.64,7.23,7.66,7.29,8.22,6.53,6.87,7.53,7.25,7.2,6.09,7.46,7.39,7.53,6.87,8.04,6.2,5.5,6.51,5.5,5.68,6.27,4.06,5.7,5.72,5.41,7.65,6.3,6.56,6.82,6.82,5.98,6.39,5.57,6.07,7.53,7.34,7.08,-0.27
"DRD4",16.39,15.25,15.31,0.26,0.26,0.14,0.58,0.14,2.17,3.04,0.38,-0.32,0.85,2.43,1.07,0,0.26,0.77,0.58,1.07,1.38,0.14,0.68,0.26,0.26,0.93,0.58,1.26,2.1,0.26,2.89,1,1.2,1.07,3.75,2.7,1.43,0.77,0.26,-0.15,0,1.43,3.04,2.83,0.77,0.93,4.66,4.34,4.29,4.2,4.07,16.46,15.42,15.3,0.68,3.46,0.14,1.07,2.38,1.07,1.32,0.38,0.49,2.56,1.54,1.89,0.68,0.38,0.26,0.14,2.07,2.56,0.58,0.14,0.68,0.68,1.43,0.58,-0.15,0.49,1.26,1,0.14,0.26,0.49,0.85,0.26,-0.32,-0.15,0.58,0.26,1.96,-0.32,-0.32,1.81,0,1.54,0,0.38,0,0,4.07,2.29,1.38,0.58,-0.32,0.49,1.85,1,3.87,2.94,1.68,4.17,1.85,4.01,1.68,4.86,4.72,4.46,4.05,4.21,2.23,1.97,-0.26
"CDHR5",2.67,3.15,2.56,0.55,-0.1,2.09,1.34,1.69,3.94,0.42,0.42,0.85,0.79,1.38,0.95,0.68,1.72,1.2,0.38,1.74,1.28,0.87,1.18,2.21,0.58,1.9,0.85,0.93,0.38,1.12,1.5,1.95,0.93,0.74,2.25,2.15,1.96,1.71,0.55,-0.05,0.65,1.78,2.87,2.17,1.09,0.77,5.47,4.89,4.62,4.57,4.48,2.54,2.87,5.8,1.36,0.55,1.22,0.98,1.32,0.85,1.22,1.07,1.38,0.18,0.58,1,1.2,1.02,0.49,0.95,1.07,1.68,0.42,0.68,0.55,1,0.3,0.55,-0.21,1.28,0.68,0.14,0.49,0.22,0.74,0.82,0.85,1.54,0.22,2.55,0.62,1.57,1.09,0.95,1.07,0.49,1.79,1.07,1.4,-0.05,0.82,1.42,0.58,0.93,1.55,1,0.98,1.65,1.52,2.79,1.49,1.77,1.96,1.98,2.41,2.34,5.22,5.35,4.53,4.56,4.52,1.7,1.45,-0.25
"DMC1",3.39,4.1,4.32,3.07,3.35,3.72,3.38,2.41,4.51,3.22,3.83,3.78,3.47,3.43,3.63,3.1,3.87,3.03,4.1,3.88,3.37,4.44,4.46,5.25,4.21,3.49,3.47,3.85,3.08,2.94,5.18,4.82,5.15,5.63,6.22,5.35,5.1,5.01,4.63,4.47,3.9,5.61,4.71,4.2,5.13,4.65,4.33,3.78,3.77,3.66,3.72,3.73,3.53,5.33,3.52,3.91,3.47,2.96,3.61,3.8,3.64,3.57,3.69,3.59,3.6,5.06,3.49,4.21,2.85,3.13,3.05,3.68,3.36,3.02,3.32,3.71,3.12,3.39,3.36,4.21,3.81,3.49,3.49,3.97,2.41,3.9,4.97,3.21,3.49,4.77,4.63,4.91,3.26,2.7,4.24,3.17,4.07,3.64,3.73,3.17,4.02,1.68,3.14,3.44,4.71,4.79,4.31,5.31,4.19,5.4,5.2,4.43,4.87,5.24,4.81,5.31,4.14,3.97,3.78,3.66,3.67,4.1,3.86,-0.24
"BAHCC1",7.55,8.88,8.74,4.75,3.83,2.9,5,5.05,5.15,4.58,3.94,4.5,4.23,4.32,4.75,4.67,3.96,3.62,4.59,5,4.78,3.94,4.26,3.41,4.18,4.06,3.64,5.18,4.83,4.76,6.56,5.78,5.85,6.17,3.94,6.06,5.64,5.89,5.49,5.16,5.1,5.54,5.18,5.55,6.05,5.66,6.61,6.06,5.8,5.7,5.9,8,8.58,9.6,4.45,4.73,4.91,4.25,4.93,4.53,3.17,4.44,4,3.89,4.41,1.98,4.71,4.53,4.19,4.63,4.91,4.08,3.86,4.31,4.57,4.73,4.43,4.3,3.83,4.82,4.84,4.38,4.81,4.56,4.94,4.06,4.33,5.22,4.96,4.87,4.33,4.2,4.54,4.73,5,4.71,3.09,4.16,5.05,5.05,4.78,4.16,4.04,3.88,5.28,5.9,6.98,3.02,5.5,5.52,4.87,5.18,5.72,6.63,6.39,6.25,6.46,6.51,6,5.7,6.3,5.15,4.92,-0.23
"TMC6",6.31,7.45,6.46,5.32,5.65,5.37,5.52,6.01,5.45,5.72,5.88,4.86,5.29,5.66,5.55,5.53,5.57,5.8,5.19,5.32,5.83,4.7,5.23,6.09,5.35,5.63,5.42,5.81,5.33,5.23,4.52,4.52,3.92,4.82,3.8,5.18,5.22,5.04,4.46,5.01,5.11,6.24,5.64,6.16,6.15,5.96,6.25,5.39,5.31,5.3,4.91,5.97,5.44,7.53,5.43,4.89,4.85,4.58,5.11,5.68,5.43,5.04,5.41,4.8,4.65,4.78,5.36,5.34,5.03,4.86,5.03,5.15,5.57,5.1,5.01,5.61,4.55,5.43,4.71,5.29,5.16,5.25,5.09,5.39,5.4,4.97,5.06,4.5,5.02,5.23,5.55,5.97,5.31,4.83,5.69,4.62,5.46,5.4,5.34,4.91,4.33,5.04,5.51,6.25,5.13,4.82,4.15,4.08,4.53,4.93,4.21,6.2,6.11,5.99,5.99,5.59,5.45,5.65,5.44,5.21,5.01,5.44,5.22,-0.22
"CARD14",4.16,5.44,5.14,2.58,2.14,2.47,2.73,2.22,3.71,2.83,2.36,2.75,2.4,2.47,2.54,2.73,2.54,3.29,2.33,3.32,2.24,3.77,3.46,3.43,3.13,2.36,3.38,3.97,1.32,3,3,1.91,3.66,2.54,3.01,2.69,1.85,2.12,1.54,3.56,3.22,4.78,3.84,3.7,5.25,3.57,5.77,4.87,5.13,4.93,4.75,4.75,4.74,4.87,1.74,2.87,2.53,2.06,2.87,3.16,2.4,2.83,2.47,2.36,2.64,3.98,2.78,2.45,2.92,2.79,2.05,2.23,1.77,2.35,2.15,2.64,2.87,2.42,1.87,2.24,3.55,2.85,1.3,2.27,3.16,3.9,3,2.16,3.07,3.01,3.5,3.39,2.77,1.99,2.41,2.74,3.52,2.83,2.42,2.26,1.31,3.73,4.8,3.65,2.34,0.93,1.54,4.26,2.12,3.14,2.26,2.62,4.67,4.39,4.7,4.88,5.49,5.87,4.95,4.89,4.83,3.25,3.05,-0.21
"SECTM1",9.05,11.03,9.45,6.18,6.01,6.51,6.28,6.34,6.95,6.9,6.61,6.08,6.83,6.62,5.48,6.26,5.71,5.89,6.26,5.67,6.03,5.89,5.61,6.55,6,5.63,5.28,6.14,5.19,6.03,7.38,6.41,6.63,7.24,6.07,6.41,6.09,5.62,5.77,4.31,5.68,6.86,5.84,6.09,5.71,6.22,6.21,5.4,6.03,5.61,5.33,8.49,7.99,9.73,6.28,5.92,6.49,6.45,5.68,5.84,5.76,7.19,6.39,6.47,6.32,6.3,7.47,6.31,6.5,5.31,6.14,6.81,5.44,5.81,5,7.12,6.22,6.21,6.56,8.58,6.89,6.16,5.27,6.73,6.55,6.68,6.16,5.2,5.5,6.4,5.85,4.33,5.44,5.35,6.23,6.47,6.93,5.02,5.99,5.66,4.98,6.29,7.82,6.38,6.08,5.51,4.05,3.66,5.33,6.17,5.1,6.5,5.21,3.43,5.48,6.04,5.64,5.52,6.29,5.78,5.28,6.3,6.09,-0.21
"TMEM184B",14.18,13.99,13.53,7.43,7.41,7.49,7.81,7.96,7.83,7.14,7.27,7.39,7.5,7.5,7.18,6.84,7.09,7.74,7.21,7.94,7.51,7.26,7.42,8.06,7.64,7.6,7.44,7.23,7.64,6.73,6.93,6.55,6.54,6.62,7.23,6.75,7.6,6.26,6.83,6.94,6.74,7.31,7.66,7.3,6.87,6.98,7.16,7.92,6.89,7.67,8.08,14.03,13.37,14.07,7.51,7.47,7.38,7.2,7.23,7.68,6.96,7.23,7.68,7.5,7.11,7.8,7.2,7.31,7.7,7.32,7.26,7.12,7.34,7.43,6.36,7.28,7.53,7.25,7.09,7.48,5.91,7.44,7.49,7.44,6.53,7.48,6.98,7.58,5.99,7.41,7.61,7.95,6.92,7.33,7.42,7.09,7.6,7.79,6.58,7.15,6.48,7.65,7.1,7.8,7.23,6.8,6.85,5.65,6.82,6.87,5.78,7.05,6.92,7.09,6.83,7.19,7.2,7.23,7.74,7.7,7.71,7.68,7.48,-0.21
"C11orf21",3.92,2.51,2.56,4.36,4.37,4.13,3.69,3.52,5,4.63,4.51,4.49,4.49,4.4,4.61,4.18,4.57,3.5,4.27,2.85,4.39,5.04,5.15,4.66,4.69,4.96,4.69,4.54,3.94,4.71,5.65,5.1,5.3,5.28,5.7,5.37,5.22,5.33,5.28,4.38,4.31,5.1,4.71,5.43,5.31,5.56,4.55,4.26,4.54,4.31,4.31,5.15,2.73,4.48,4.3,3.89,4.6,3.55,4.26,4.12,3.28,3.06,2.57,3.05,4.46,5.48,4.34,4.18,4.13,3.91,3.27,2.39,4.58,3.21,4.19,4.56,2.43,4.46,4.61,4.44,4.5,4.47,3.96,4.39,4.53,5.29,4.84,2.74,3.94,4.4,5.09,5.57,4.72,3.8,4.44,4.36,3.76,4.36,3.9,3.66,4,4.5,4.39,3.99,5.79,5.24,5.71,4.82,5.78,5.61,5.23,4.1,5.92,5.79,5.65,5.47,4.87,4.53,4.47,4.18,4.19,4.56,4.35,-0.2
"PDE6G",2.56,3.63,4.19,2.17,2.35,2.68,2.98,2.14,3.5,2.58,2.91,2.51,2.85,2.17,2.54,2.07,1.81,2.17,1.72,3.47,2.1,3.61,3.88,3.97,3.2,2.77,2.2,2.07,1.2,2.54,3.51,2.83,3.36,3.62,3.95,3.2,3.38,3.42,2.96,2.94,3.19,3.94,3.73,4.01,3.61,3.25,6.63,5.49,5.29,5.1,4.99,2.77,4.88,3.14,2.17,3.05,2.04,2.04,2.79,2.38,2.63,3.02,2.29,2.49,2.83,3.28,2.38,2.46,2.38,2.29,2.83,2.46,2.7,1.77,2.49,2.85,2.56,2.43,2.46,2.49,3.09,2.29,1.63,2.68,3.29,3.94,3.55,1.54,2.2,3.28,3.49,3.7,2,2.04,2.63,1.14,2.87,3.15,2.66,1.96,1.85,2.85,3.07,3.07,3.04,2.2,3.51,3.46,3.25,4.15,2.81,3.39,4.1,3.87,3.91,4.07,6.04,5.73,5.46,5.14,5.03,3.19,2.99,-0.2
"CYTH4",7.86,8.11,5.94,5.06,5.34,4.81,5.33,5.01,6.1,5.08,5.38,4.47,5.2,5.49,4.71,5.27,5.01,5.03,4.66,5.58,5.33,4.93,4.52,4.99,4.78,5.34,5.48,5.6,4.78,4.98,5.25,5.72,5.82,6.16,5.09,5.41,5.83,5.73,5.75,4.9,5.24,5.86,5.83,5.52,6.19,6.16,6.65,5.7,5.45,5.53,4.96,7.83,5.71,7.08,4.93,4.87,5.1,4.5,4.91,5.29,4.86,5.16,4.62,5.12,5.01,5.12,5.13,5.1,4.94,5.07,5.19,4.65,5.17,5.16,5.02,5.49,4.9,5.48,4.86,5.15,5.13,5.26,4.86,4.84,5.24,5.24,5.23,4.68,4.79,4.65,5.02,5.45,4.94,4.95,4.98,4.88,4.75,4.93,5.68,4.25,5.01,5.63,5.1,6.21,5.88,5.09,5.65,5.37,5.8,5.92,5.96,6.33,6.21,5.53,6.21,6.05,5.89,5.87,5.49,5.26,5.4,5.47,5.3,-0.17
"C17orf101",10.82,10.75,10.46,7,6.72,6.43,6.89,7.11,6.9,7.06,7.31,6.72,7.36,7.32,6.84,7.19,6.65,6.58,6.6,6.37,6.89,6.48,6.67,7.05,6.83,6.6,6.84,6.66,7.16,6.56,6.15,5.84,6.02,5.52,6.2,6.22,6.07,5.64,6.14,6.64,5.77,5.85,5.23,4.93,6.09,6.07,5.47,5.17,5.4,5.32,5.61,10.33,9.57,10.09,7.15,6.53,6.45,6.35,6.58,6.08,6.17,5.86,6.48,6.31,6.62,6.16,6.54,6.7,7.73,6.93,6.96,6.74,7.02,7.04,6.83,7.27,6.79,6.89,6.59,6.23,6.26,6.09,6.3,6.42,7.17,6.97,6.65,6.28,6.13,6.12,6.14,5.57,6.81,6.39,6.33,7.3,6.43,6.71,6.43,6.73,6.55,5.84,6.41,7.59,5.6,5.44,5.6,5.63,6.07,5.85,5.84,5.52,5.66,5.25,5.78,5.75,5.2,5.19,5.55,5.19,5.27,6.63,6.47,-0.16
"FOXK2",10.32,9.33,9.24,6.07,5.98,6.13,6.32,5.93,6.42,5.83,6.31,6.25,6.21,5.89,6.27,5.83,6.12,6.32,6.29,6.4,6.29,5.97,6.22,6.06,5.86,6.02,6.09,6.2,5.44,6.35,7.1,6.6,6.65,6.27,6.93,6.96,6.64,6.35,6.79,6.19,6.73,6.61,7.19,7.66,6.83,6.57,6.19,7.05,6.82,6.54,6.86,10.58,8.64,9.99,6.01,6.11,6.11,5.94,5.97,6.49,6.32,6.26,6.22,6.31,6.31,6.4,6.19,6.12,5.91,6.01,5.75,6.36,6.09,5.85,6.17,5.85,5.88,5.84,5.97,6.32,6.34,6.27,6.1,5.93,6.14,6.22,6.18,5.79,5.77,6.29,6.09,6.45,5.72,5.55,6.31,5.95,6.22,5.96,6.2,5.71,5.92,6.46,6.14,5.87,7.15,6.53,6.71,5.9,6.67,6.78,6.42,7.23,6.99,6.91,7.04,7.04,6.6,6.66,7.28,6.6,7.03,6.58,6.42,-0.16
"SLC25A22",9.5,8.67,8.96,5.8,5.56,5.07,5.93,5.33,6.16,5.86,6.2,4.49,6.1,5.53,5.16,5.1,5.81,5.86,4.94,6.31,5.97,5.94,5.93,5.91,5.25,6.12,5.64,6.34,5.22,5.67,4.89,5.69,5.24,3.26,6.25,4.68,5.63,5.36,4.94,6.03,5.71,5.89,6.38,5.82,6,5.82,7.52,6.63,6.61,5.9,6.34,9.14,7.33,3.14,5.81,5.43,5.75,5.66,5.59,5.67,5.75,5.6,5.53,5.88,5.42,6.47,6.09,5.77,6.71,5,5.63,5.76,5.6,5.26,5.87,5.93,5.33,5.31,5.55,5.55,6.96,5.21,5.46,5.19,5.66,6.01,6.34,5.45,5.62,6.57,5.46,6.26,5.36,5.03,6.17,5.98,6.04,5.99,5.9,4.4,5.85,5.59,6.6,5.85,5.64,4.9,5.55,5.67,5.54,6.33,3.26,6.55,3.6,5.65,4.18,6.43,6.94,7.22,6.36,6.3,6.25,5.9,5.75,-0.15
"IRF7",9.29,9.48,9.35,6.47,5.86,6.25,6.78,7.13,6.04,6.93,7.23,5.96,7.05,7.44,6.59,7.31,6.4,6.52,5.89,6.77,6.25,5.5,5.62,5.69,5.58,6.64,6.49,6.69,6.6,5.9,5.44,5.41,5.43,5.65,6.72,6.02,5.32,5.69,6.09,5.36,5.1,5.33,6.75,5.55,6.2,5.93,5.48,5.38,5.49,5.59,5.61,9.15,8.1,9.24,6.85,6.27,6.58,6.41,5.82,6.13,6.45,6.73,6.46,6.36,6.4,5.57,6.41,6.62,7.18,5.75,6.33,5.9,6.04,6.74,5.29,7.31,6.11,6.61,6.15,7.14,6.3,6.22,6.22,6.75,6.59,5.64,5.89,6.06,6.09,6.24,5.43,6.08,6.34,6.41,6.01,6.55,6.78,6.25,6.49,5.8,6.23,5.81,6.01,6.87,5.75,5.55,5.22,4.99,5.74,6.02,4.55,5.93,4.66,4.15,5.45,4.82,5.69,5.46,5.41,5.18,5.57,6.3,6.16,-0.14
"RNH1",14.63,14.15,13.75,9.73,8.87,8.62,8.47,8.95,9.17,9.31,10,7.94,9.92,9.48,9,9.43,8.8,9.07,8.66,9.06,8.87,8.09,7.94,8.32,8.09,9.14,8.86,8.89,9.64,9.27,8.66,7.89,8.56,8.47,7.83,8.22,9.44,8.92,8.62,7.64,8.34,9.36,9.6,9.61,9.49,9.66,8.05,8.78,8.78,9.02,8.7,14,13.4,8.39,9.28,9.1,8.99,8.96,8.8,8.88,9.41,9.57,9.38,8.33,8.5,8.01,9.58,9.32,9.52,8.39,8.71,9.26,9.54,9.62,8.34,9.71,9.06,9.76,8.79,9.28,9.26,9.35,9.06,9.38,9.43,8.19,7.76,9.4,9.02,8.98,7.66,7.35,9.13,9,8.72,9.45,9.37,8.82,8.83,8.43,9.04,9.38,9.45,9.82,8.34,8.05,8.06,8.02,8.75,8.56,8.68,9.79,9.02,8.59,9.09,8.95,8.35,8.05,8.47,8.72,8.7,9.17,9.03,-0.14
"GTPBP1",10.77,10.84,10.85,6.1,5.66,5.16,5.79,5.87,5.93,5.93,6.24,5.68,6.09,6.16,6.08,5.88,5.6,6.26,5.41,6.16,6.15,4.93,5.39,5.23,5.39,6.17,5.34,6.18,5.88,5.67,6.02,5.7,5.75,5.49,5.74,5.65,5.33,5.28,5.75,5.39,5.19,5.69,5.79,5.6,5.38,5.22,6.75,6.38,6.19,6.22,6.18,10.89,10.63,11.84,5.77,5.71,5.42,5.72,6,5.69,5.92,5.63,5.81,5.75,5.87,4.95,5.58,5.6,6.06,5.44,5.9,5.4,5.76,6,5.72,6.02,5.82,5.94,6.12,6.35,6.58,5.63,5.7,5.91,5.87,5.54,5.35,5.76,5.71,5.95,4.93,4.8,5.48,5.84,5.88,5.78,6.01,5.8,6.05,5.61,5.96,5.74,5.46,5.94,5.64,5.48,5.26,5.49,5.19,5.35,5.01,5.02,5.65,5.1,5.52,5.81,6.63,6.67,6.27,6.02,6.21,6.07,5.96,-0.11
"H1F0",11.31,2.51,10.87,9.6,9.81,8.92,8.73,9.32,9.67,9.6,10.31,10.65,10.48,10.29,10.04,9.66,9.39,8.49,10.47,10.03,9.79,9.36,8.24,9.42,9.6,9.62,9.31,9.5,8.44,9.72,8.51,8.27,9.26,8.74,8.93,8.63,8.38,8.68,9.09,7.71,8.75,8.62,8.23,7.54,8.45,9.06,7.38,8.51,9.4,8.22,8.66,10.67,11.88,3.14,9.2,9.05,9.35,9.62,9.67,8.86,9.16,8.73,8.68,9.28,9.44,8.91,9.28,9.31,10.37,10.35,9.09,9.82,10.02,9.68,9.47,7.58,6.89,7.82,9.15,10.35,9.33,8.49,9.34,9.1,9.87,9.05,9.96,9.5,9,9.12,8.23,8.99,9.86,9.7,9.53,9.94,8.68,9.53,9.13,8.52,9.22,9.45,10.07,9.62,8.66,8.19,7.35,7.81,8.09,7.88,7.93,8.42,8.26,7.84,8.72,8.55,9.14,7.09,8.71,8.06,8.13,9.06,8.96,-0.11
"CDC42EP1",9.52,9.23,9.41,6.76,6.12,5.6,6.65,6.78,6.34,6.57,8.02,6.22,6.99,6.77,6.52,6.18,6.27,6.59,5.73,7.94,6.33,5.84,6.13,6.69,5.42,6.51,6.83,6.23,6.68,6.96,6.71,5.37,6.17,5.82,5.17,6.21,7.83,6.03,6.66,4.68,5.58,7.11,7.85,7.3,7.07,7.59,6.32,7.5,6.71,6.62,6.07,9.26,9.37,9.96,6.03,5.62,5.35,6.34,5.9,5.43,6.93,6.86,6.48,6.92,6.93,5.95,6.84,6.47,7.99,6.26,6.19,5.57,7.32,6.54,5.9,6.93,5.88,6.44,5.69,7.55,5.99,6.79,7.1,7.01,6.27,6.83,6.4,6.28,5.1,7.24,5.87,6.22,6.21,6.15,6.17,6.07,6.73,6.82,6.02,4.71,6.86,7.02,6.88,7.06,6.97,5.53,6.5,5.89,6.7,7.31,6.1,7.2,6.64,5.93,6.7,7.25,7.11,6.48,7.29,6.3,6.17,6.67,6.58,-0.09
"TMEM80",11.07,11.2,10.91,7.36,7.19,6.81,7.28,7.01,7.03,6.74,7.34,6.86,7.14,7.36,7.04,7.12,6.95,7.18,7.23,7.29,7.35,6.54,6.64,6.82,6.42,7.3,7.46,7.02,7.15,6.85,6.03,5.79,5.55,5.45,5.66,6.12,5.68,5.52,5.86,5.55,5.18,5.85,6.71,6.83,6.39,6.3,5.7,5.94,6.22,6.24,6.28,10.54,11.23,11.55,7.23,7.16,7.26,7.28,7.27,7.21,6.64,6.61,6.68,6.97,6.89,6.43,6.45,6.67,7.27,6.63,6.73,7.02,7.03,6.97,6.58,7.1,6.91,6.65,6.52,6.94,6.95,6.9,7.06,7,6.92,6.82,6.38,7.11,7.18,7.18,6.48,6.55,6.85,6.8,7.21,6.87,6.41,7.31,7.19,6.83,6.84,6.67,6.86,6.75,5.19,6.04,5.22,3.44,5.1,4.68,4.77,5.69,6.17,5.85,6.08,5.78,5.86,5.84,6.25,6.21,6.15,6.83,6.74,-0.09
"APOBEC3G",8.96,4.35,7.95,5.52,6.3,5.03,6.12,5.59,5.8,6.06,5.21,5.19,5.69,5.98,5.63,5.51,5.56,5.62,5.99,5.42,5.98,5.91,5.38,5.46,5.76,5.55,6.07,6.16,5.85,5.28,4.52,4.12,4.24,4.49,3.96,4.42,2.94,4.31,4.21,4.12,4.52,4.77,4.18,3.97,5.28,5.01,5.6,4.88,5.37,5.55,5.43,7.69,5.08,4.99,5.56,5.09,5.27,5.83,6.13,6.41,5.02,5.02,5.27,4.78,5.02,5.76,4.66,5.49,4.87,5.05,5.94,4.94,5.55,5.3,4.97,5.72,5.29,5.32,5.07,5.38,5.82,5.01,4.87,4.99,5.37,6,5.61,4.69,4.97,4.44,5.76,6.4,5.15,5.33,5.25,5.66,4.84,5.83,6.06,5.71,6.03,5.42,7.32,5.82,4.05,4.17,4.31,3.73,3.77,4.22,5.1,3.53,5.05,5.64,3.04,4.51,5.13,5.62,5.05,4.94,5.19,5.31,5.23,-0.08
"HGS",12.44,11.96,12.12,7,6.89,6.75,7.48,7.54,6.78,7.56,7.95,6.67,7.62,7.78,7.42,7.62,6.91,7.14,6.98,7.68,7.53,6.61,6.36,6.62,6.76,7.2,6.78,7.2,7.42,7.23,8.11,6.95,7.51,7.93,7.33,7.96,8.39,7.83,7.8,7.04,7.1,8.2,8.3,8.24,7.95,7.92,7.94,8.15,8.3,8.53,8.1,12.21,11.48,10.62,7.27,7.52,7.1,7.38,7.25,6.92,7.71,8,7.29,8.08,7.93,6.38,7.91,7.57,7.95,6.59,7.35,6.91,7.43,7.25,6.62,7.33,7.35,7.02,7.13,8.41,7.93,7.7,7.34,8.17,7.59,7.15,6.71,7.14,7,7.77,6.74,6.81,7.07,7.21,7.6,7.52,7.77,7.15,7.1,6.82,7.24,7.62,7.93,8.15,7.78,7.11,7.45,7.02,8.04,8.45,7.67,8.33,7.68,7.6,7.79,7.91,8.39,7.95,8.84,8.27,7.75,7.76,7.67,-0.08
"SOX10",2.99,4,2.87,2.09,3.41,2.66,3.93,3.19,4.28,4.38,4.39,1.46,4.01,4.17,1.61,4.22,1.98,2.29,3.61,4.27,3.47,3.99,3.43,4.57,4.65,3.5,4.34,4.15,2.94,2.28,2.73,2.29,2.93,2.88,3.96,2.39,3.17,3.08,3.59,2.86,2.97,3.62,2.84,4.3,2.91,4.72,6.19,5.44,5.55,5.29,5.04,3.14,4.16,6.21,3.26,3.28,3.41,4.19,2.46,2.73,2.34,3.41,3.79,3.8,2.61,3.76,2.83,3.68,3.81,3.17,3.27,2.68,3.45,2.41,2.89,4.56,3.64,2.45,3.57,2.47,3.22,3.79,3.39,2.23,4.12,4.27,3.58,2.41,2.54,1.79,3.19,4.56,3.37,2.2,2.62,2.38,4.61,3.93,4.21,2.57,2.14,3.34,2.75,2.32,2.52,2.5,3.04,4.44,3.83,3.84,2.63,3.69,4.33,3.63,4.54,4.79,5.85,5.89,5.31,5.17,5.29,3.57,3.49,-0.08
"ARHGDIA",9.39,10.09,9.82,7.54,7.5,6.88,7.36,7.56,7.74,7.6,8.39,6.74,7.83,7.32,7.11,7.07,7.18,7.84,6.98,7.86,7.78,6.85,6.74,7.58,6.78,7.6,7.43,7.18,7.29,7.31,7.46,6.46,6.92,7.07,6.74,7.85,8.51,6.78,7.86,6.5,6.8,8.03,8.22,8.29,8.22,8.01,7.55,8.38,7.43,7.51,7.4,8.82,8.95,9.94,7.37,7.25,7.54,7.46,7.59,7.41,7.88,8.05,7.23,7.43,7.53,7.18,7.29,7.21,8.32,7.23,7.2,6.82,7.91,7.11,7.31,7.83,7.57,7.71,6.79,7.94,7.57,7.63,7.27,7.72,7.66,7.8,7.21,7.31,7,7.75,6.87,7.05,7.05,6.91,7.65,7.49,7.61,7.41,7.56,6.47,7.21,7.5,7.24,8.06,6.95,6.39,7.02,6.72,7.19,7.86,7.09,8.42,8,7.64,7.51,7.64,7.87,8.02,7.56,7.3,7.54,7.58,7.51,-0.07
"LGALS2",8.97,5.27,8.91,5.58,4.31,4.61,4.57,5.01,5.28,5.13,4.89,3.41,5.66,3.74,4.78,4.39,6.54,5.04,1.63,4.97,4.56,4.83,3.38,5.47,3.38,5.54,6.91,6.09,7.3,4.84,5.03,4.33,2.68,3.17,2.41,3.41,4.51,5.61,2.91,0.58,4.16,4.19,3.22,3.52,3.26,4.43,5.54,4.97,5,5.21,4.74,9.91,9.26,6.53,5.29,5.08,4.52,1.81,4.41,5.9,4.19,3.22,3.49,5.21,4.73,4.71,2.38,7.17,1.68,3.73,3.04,2.07,6.54,5.8,8.99,6.56,6.45,7.22,0.38,2.2,2.17,3.39,4.6,2.68,2.66,2.41,1.81,5.7,2.79,5.14,4.99,4.87,5.17,5.31,4.77,1.07,5.02,6.71,6.25,3.83,7.46,2.23,0.38,1.85,6.99,6.69,5.54,0.49,6.08,5.98,4.98,5.46,3.63,2.56,5.58,5.64,5.21,5.25,5.01,5.14,5.58,4.66,4.59,-0.07
"DCXR",9.72,3.74,11.23,8.67,6.98,7.22,7.42,7.69,7.72,7.47,7.62,6.9,7.75,7.88,7.46,8.05,7.6,8.08,7.62,7.68,8.84,6.19,5.53,6.48,5.5,7.86,7.84,7.82,8.03,7.51,6.38,6.35,4.7,5.6,6.62,6.44,7.38,7.14,7.16,6.49,6.85,5.33,7.78,6.81,6.85,7.26,6.13,6.64,6.79,7.69,7.57,8.99,9.31,3.14,8.28,8.5,8.12,6.97,6.79,6.71,8.09,7.64,7.74,7.17,7.52,5.73,8.03,7.3,8.17,5.73,7.16,7.9,7.2,7.6,6.59,8.27,7.37,8.16,6.79,7.06,6.07,7.12,6.97,7.39,8.03,6.85,6.35,6.95,6.38,7.14,6.08,4.42,6.97,7.24,8.34,7.79,7.9,8,7.04,7.39,7.87,6.55,6.56,7.53,8.07,6.5,3.86,7.28,7.5,7.89,7.61,6.36,6.24,5.99,7.11,7.12,5.89,6.65,6.81,6.8,7.52,7.18,7.12,-0.06
"CD7",5.3,7.05,5.6,3.69,3.34,2.47,4.22,3.77,5.17,3.04,3.95,3.44,3.42,2.19,2.49,3.68,4.06,3.98,3.58,4.36,3.29,2.85,2.94,3.52,1.79,4.74,3.64,3.15,3.91,1.98,2.71,1.51,3.22,2.26,3.74,3.49,3.36,2.07,2.32,1.83,3.09,2.26,4.5,2.04,1.85,3.12,5.73,4.96,4.89,4.49,4.41,4.59,6.99,3.14,3.68,2.47,3.63,4.55,4.47,3.88,3.91,3.49,3.59,2.8,4.13,3.57,3.28,3.47,3.82,4.35,2.79,3.36,3.28,1.96,4,3.86,1.66,4.12,2.41,3.85,5.05,4.41,3.13,4.43,2.82,3.18,2.97,3.6,2.28,4.13,2.1,4.75,2.75,3.61,3.29,3.06,4.79,3.11,3.97,1.43,3.93,1.72,5.87,3.83,2.87,1.91,1.87,1.56,2.95,1.46,1.49,4.23,2.96,1.41,2,2.96,5.37,5.51,4.73,4.49,4.52,3.5,3.45,-0.05
"GAA",13.29,12.24,13.5,7.7,7.74,7.6,7.83,8.29,7.91,8.4,8.24,6.98,7.97,8.16,8.07,7.99,8,8.21,7.97,7.85,7.68,7.58,7.07,7.46,7.15,7.89,7.3,7.53,8.03,7.92,7.69,6.85,7.18,7.2,7.1,7.7,7.5,7.49,7.77,6.88,6.84,7.6,7.9,7.68,7.8,7.39,7.25,7.25,6.86,7.05,6.7,13.31,12.68,3.14,7.27,7.91,7.5,7.89,8,7.73,8.28,7.74,7.74,8.11,8.45,6.83,8.49,7.84,8.5,7.18,7.55,8.3,8.75,8.32,8.51,8.22,7.9,8.17,7.59,8.39,7.92,8.27,7.93,7.97,7.99,7.5,7.15,8.18,8.25,8.37,7.38,7.16,7.96,7.7,8.26,7.46,8.1,7.69,7.5,7.45,7.72,8.54,8.29,8.58,7.41,6.73,7.57,7.02,7.46,6.98,7.24,7.72,7.54,7.41,7.72,7.81,7.19,7.41,7.64,6.65,6.86,7.91,7.86,-0.05
"RASSF7",7.15,6.71,8.33,4.88,6.02,5.56,6.2,6.05,6.33,5.75,6.57,6.16,6.1,6.53,6.13,6.4,6.47,5.77,5.86,6.22,6.85,6,6.44,5.97,5.75,5.7,5.56,5.96,5.97,5.7,6.65,6.02,5.55,6.34,6.49,6.83,6.26,6.35,6.24,6.76,6.17,6.99,6.88,5.87,6.89,6.61,7.95,6.83,6.84,6.54,6.81,7.29,6.54,8.42,6.34,5.88,5.92,6.94,6.08,5.87,6.05,6.13,6.12,6.65,6.86,5.79,6.36,5.65,6.18,5.26,6.16,6.22,6.19,5.79,5.85,5.59,5.89,5.89,5.59,5.92,6.33,6.09,5.77,6.32,5.49,6.15,6.21,6.36,5.88,6.6,6.43,6.47,5.82,6.18,5.51,5.61,6.23,6.11,6.14,6.42,5.77,5.61,7.4,6.61,5.81,5.66,6.4,6.44,6.12,6.59,6.55,6.33,6.99,6.75,6.95,7.13,7.69,7.27,6.74,6.63,6.62,6.33,6.28,-0.05
"TRIOBP",10.96,9.97,9.66,8.19,8.4,7.87,8.18,8.38,8.45,8.22,8.46,8.35,8.81,8.67,8.16,8.32,7.91,8.13,7.9,8.05,8.25,8.15,8.34,8.46,7.95,8.08,8.59,8.37,8.32,8.13,8.6,8.8,8.75,7.91,8.62,8.98,9.13,7.98,8.97,8.39,8.69,8.79,8.77,8.77,8.67,8.62,8.67,9.13,8.41,8.87,9.25,10.59,9.47,10.85,8.65,8.17,8.15,8.48,9.04,8.42,8.23,8.58,8.5,8.27,8.21,8.42,8.06,8.24,8.77,8.45,8.72,7.62,7.79,8.31,8.11,8.74,8.69,8.45,7.6,8.59,8.63,7.98,8.17,8.49,8.26,7.96,7.82,8.25,8.4,8.22,7.67,8.58,8.11,8.3,8.18,8.17,8.45,8.69,8.62,7.9,7.71,8.04,8.17,8.69,8.69,8.74,8.12,8.53,8.54,8.39,8.37,9.06,8.94,8.79,9.24,9.49,8.9,8.96,9.05,8.86,9.2,8.56,8.51,-0.05
"AZI1",10.63,10.02,10.08,4.61,4.89,4.13,5.1,5.39,6.48,5.49,5.24,4.87,5.21,5.8,5.48,5.93,4.11,4.31,5.51,5.66,5.45,3.81,4.54,2.29,4.13,4.31,5.51,5.77,6.14,4.97,4.66,3,4.67,4.66,4.74,4.88,4.3,3.31,3.74,4.3,4.52,4.93,4.75,4.96,4.83,4.83,5.86,5.11,5.1,5.05,5.04,11.21,10.14,10.71,5.09,5.48,5.28,5.35,5.8,5.98,4.82,5.35,5.16,5.58,5.39,3.31,6.14,5.11,4.47,4.89,5.24,5.23,5.67,4.7,4.85,5.4,5.81,5.18,4.49,5.8,5.83,5.06,5.31,5.37,6.18,4.57,2.66,4.64,5.36,5.61,2.7,3.05,5.54,5.34,5.45,5.6,5.25,5.13,6.02,5.39,4.27,1.38,5.1,5.82,3.81,4.5,4.11,0.77,3.31,4.56,2.26,4.16,5.93,5.26,5.12,5.17,5.31,5.43,5.42,4.94,5.22,5.16,5.14,-0.02
"BAIAP2",8.39,7.98,7.83,5.08,4.8,5.29,5.08,5.9,5.07,5.63,5.58,4.59,5.51,5.45,4.94,5.21,5.02,5.21,4.56,6.05,5.06,4.72,4.83,4.29,4.93,5.54,5.3,5.22,4.99,4.83,5.4,4.38,4.86,5.16,5,5.38,5.25,4.84,5.03,4.22,5.12,5.42,5.04,5.5,5,5.08,5.93,5.2,5.43,5.32,5.2,7.49,6.85,8.25,4.99,5.45,5.18,4.92,4.51,5.24,5.62,5.58,5.36,5.9,5.76,4.67,5.64,4.99,6.41,4.57,4.47,4.87,5.25,5.29,4.71,5.58,4.93,5.76,5.05,5.31,5.77,5.27,5.22,5.63,6.01,5.01,4.94,4.67,4.44,5.17,4.89,4.84,5,5.32,5.28,6,5.53,5.22,4.78,4.44,4.65,4.7,5.23,5.23,5.24,4.71,4.92,4.32,4.9,5.86,5.19,4.99,4.86,4.98,5.51,5.55,5.86,5.77,5.44,5.13,5.06,5.31,5.29,-0.02
"SLC16A8",6.18,6.52,7.12,4.67,1.93,4.52,3.64,1.85,3.38,3.71,2.04,1.26,1.58,2.17,4.04,2.51,4.18,2.79,2.17,4.09,2.17,3.04,2.46,3.92,2.91,2.1,4.81,3.81,1.49,2,2.89,2.49,3.56,2.96,3.04,4.9,3.31,2.93,3.02,3.22,2.77,3.67,2.98,2.79,3.55,3.67,6.25,5.24,4.76,4.58,4.36,6.07,6.48,9.37,2.46,4.17,3.84,3.14,3,3.38,2.26,3.2,4.54,2.1,2.07,4.04,3.14,2.1,1.89,1.96,3.7,3.77,2.17,3.87,3.81,2.77,2.23,2.14,2.74,1.85,4.34,4.1,2.54,1.89,3.05,4.28,5,1.2,3.91,2.07,3,3,2,2.1,2.04,1.89,2.94,3.74,3.42,1.68,2.29,2.35,4.31,1.81,5.83,2.46,4.63,2.68,4.52,5.7,2.96,3.02,3.1,3.42,3.39,5.26,5.88,6.13,4.77,4.34,4.55,3.45,3.43,-0.02
