"genes","chromosome","type","all","up","down","majority","start","end","width","strand","gene","transcript","GENE","GENE_NAME","CYTOBAND","DESCRIPTION","nonUL_Mean","UL_Mean","Difference_UL_minus_non_means","gsm1667144","gsm1667145","gsm1667146","gsm336252","gsm336253","gsm336254","gsm336255","gsm336256","gsm336257","gsm336258","gsm336259","gsm336260","gsm336261","gsm336262","gsm336263","gsm336264","gsm336265","gsm336266","gsm336267","gsm336268","gsm336269","gsm336270","gsm336271","gsm336272","gsm336273","gsm336274","gsm336275","gsm336276","gsm336277","gsm336278","gsm52661","gsm52662","gsm52663","gsm52664","gsm52665","gsm52666","gsm52667","gsm52668","gsm52669","gsm52670","gsm52671","gsm9098","gsm9099","gsm9100","gsm9101","gsm9102","gsm569424","gsm569425","gsm569426","gsm569427","gsm569428","gsm1667147ul","gsm1667148ul","gsm1667149ul","gsm336202ul","gsm336203ul","gsm336204ul","gsm336205ul","gsm336206ul","gsm336207ul","gsm336208ul","gsm336209ul","gsm336210ul","gsm336211ul","gsm336212ul","gsm336213ul","gsm336214ul","gsm336215ul","gsm336216ul","gsm336217ul","gsm336218ul","gsm336219ul","gsm336220ul","gsm336221ul","gsm336222ul","gsm336223ul","gsm336224ul","gsm336225ul","gsm336226ul","gsm336227ul","gsm336228ul","gsm336229ul","gsm336230ul","gsm336231ul","gsm336232ul","gsm336233ul","gsm336234ul","gsm336235ul","gsm336236ul","gsm336237ul","gsm336238ul","gsm336239ul","gsm336240ul","gsm336241ul","gsm336242ul","gsm336243ul","gsm336244ul","gsm336245ul","gsm336246ul","gsm336247ul","gsm336248ul","gsm336249ul","gsm336250ul","gsm336251ul","gsm38689ul","gsm38690ul","gsm38691ul","gsm38692ul","gsm38693ul","gsm38694ul","gsm38695ul","gsm9093ul","gsm9094ul","gsm9095ul","gsm9096ul","gsm9097ul","gsm569429ul","gsm569430ul","gsm569431ul","gsm569432ul","gsm569433ul"
"ATHL1","chr11","down",33,16,17,TRUE,289135,296107,6973,"+","ENSG00000142102","ENST00000474221",80162,"ATH1, acid trehalase-like 1 (yeast)","hs|11p15.5","Homo sapiens ATH1, acid trehalase-like 1 (yeast) (ATHL1), mRNA [NM_025092]",5.62,5.33,-0.29,6.21,7.6,7.73,6.02,6.15,6,6.22,7.1,7.27,6.39,5.14,4.69,4.71,5.21,4.24,5.45,5.39,5.06,6.56,5.94,6.48,4.87,5.82,5.01,5.29,6.22,4.89,6.26,5.78,5.25,5.24,3.81,4.62,4.11,5.94,6.24,5.24,4.03,4.99,5.59,5.86,6.48,6.15,5.66,5.57,5.2,6.37,5.35,4.92,4.87,5.46,6.48,5.97,9.19,5.68,6.8,6.21,5.78,6.35,5.83,6.1,5.81,5.74,6.87,6.67,5.9,5.89,5.27,5.25,4.49,4.49,3.75,4.89,5.22,3.77,5.3,4.86,5.31,4.04,5.54,3.74,5.26,4.5,6.02,6.52,5.73,4.87,5.33,6.01,5.95,5.12,5.72,6.34,5.82,5.47,5.95,6.24,5.36,5.92,5.49,5.33,4.9,4.49,5.76,5.2,3.66,4.79,2.77,5.56,5.41,4.84,1.93,5.14,1.54,5.45,5.67,5.51,5.72,4.82,4.64,4.94
"C11orf21","chr11","down",33,16,17,TRUE,2295645,2303049,7405,"-","ENSG00000110665","ENST00000381153",29125,"chromosome 11 open reading frame 21","hs|11p15.5","chromosome 11 open reading frame 21 [Source:HGNC Symbol;Acc:13231] [ENST00000381153]",4.56,4.35,-0.2,3.92,2.51,2.56,4.36,4.37,4.13,3.69,3.52,5,4.63,4.51,4.49,4.49,4.4,4.61,4.18,4.57,3.5,4.27,2.85,4.39,5.04,5.15,4.66,4.69,4.96,4.69,4.54,3.94,4.71,5.65,5.1,5.3,5.28,5.7,5.37,5.22,5.33,5.28,4.38,4.31,5.1,4.71,5.43,5.31,5.56,4.55,4.26,4.54,4.31,4.31,5.15,2.73,4.48,4.3,3.89,4.6,3.55,4.26,4.12,3.28,3.06,2.57,3.05,4.46,5.48,4.34,4.18,4.13,3.91,3.27,2.39,4.58,3.21,4.19,4.56,2.43,4.46,4.61,4.44,4.5,4.47,3.96,4.39,4.53,5.29,4.84,2.74,3.94,4.4,5.09,5.57,4.72,3.8,4.44,4.36,3.76,4.36,3.9,3.66,4,4.5,4.39,3.99,5.79,5.24,5.71,4.82,5.78,5.61,5.23,4.1,5.92,5.79,5.65,5.47,4.87,4.53,4.47,4.18,4.19
"CDHR5","chr11","down",33,16,17,TRUE,616565,626078,9514,"-","ENSG00000099834","ENST00000531177",53841,"cadherin-related family member 5","hs|11p15.5","Homo sapiens cadherin-related family member 5 (CDHR5), transcript variant 1, mRNA [NM_021924]",1.7,1.45,-0.25,2.67,3.15,2.56,0.55,-0.1,2.09,1.34,1.69,3.94,0.42,0.42,0.85,0.79,1.38,0.95,0.68,1.72,1.2,0.38,1.74,1.28,0.87,1.18,2.21,0.58,1.9,0.85,0.93,0.38,1.12,1.5,1.95,0.93,0.74,2.25,2.15,1.96,1.71,0.55,-0.05,0.65,1.78,2.87,2.17,1.09,0.77,5.47,4.89,4.62,4.57,4.48,2.54,2.87,5.8,1.36,0.55,1.22,0.98,1.32,0.85,1.22,1.07,1.38,0.18,0.58,1,1.2,1.02,0.49,0.95,1.07,1.68,0.42,0.68,0.55,1,0.3,0.55,-0.21,1.28,0.68,0.14,0.49,0.22,0.74,0.82,0.85,1.54,0.22,2.55,0.62,1.57,1.09,0.95,1.07,0.49,1.79,1.07,1.4,-0.05,0.82,1.42,0.58,0.93,1.55,1,0.98,1.65,1.52,2.79,1.49,1.77,1.96,1.98,2.41,2.34,5.22,5.35,4.53,4.56,4.52
"DRD4","chr11","down",33,16,17,TRUE,637293,640706,3414,"+","ENSG00000069696","ENST00000176183",1815,"dopamine receptor D4","hs|11p15.5","Homo sapiens dopamine receptor D4 (DRD4), mRNA [NM_000797]",2.23,1.97,-0.26,16.39,15.25,15.31,0.26,0.26,0.14,0.58,0.14,2.17,3.04,0.38,-0.32,0.85,2.43,1.07,0,0.26,0.77,0.58,1.07,1.38,0.14,0.68,0.26,0.26,0.93,0.58,1.26,2.1,0.26,2.89,1,1.2,1.07,3.75,2.7,1.43,0.77,0.26,-0.15,0,1.43,3.04,2.83,0.77,0.93,4.66,4.34,4.29,4.2,4.07,16.46,15.42,15.3,0.68,3.46,0.14,1.07,2.38,1.07,1.32,0.38,0.49,2.56,1.54,1.89,0.68,0.38,0.26,0.14,2.07,2.56,0.58,0.14,0.68,0.68,1.43,0.58,-0.15,0.49,1.26,1,0.14,0.26,0.49,0.85,0.26,-0.32,-0.15,0.58,0.26,1.96,-0.32,-0.32,1.81,0,1.54,0,0.38,0,0,4.07,2.29,1.38,0.58,-0.32,0.49,1.85,1,3.87,2.94,1.68,4.17,1.85,4.01,1.68,4.86,4.72,4.46,4.05,4.21
"EPS8L2","chr11","down",33,16,17,TRUE,694438,727727,33290,"+","ENSG00000177106","ENST00000530636",64787,"EPS8-like 2","hs|11p15.5","Homo sapiens EPS8-like 2 (EPS8L2), mRNA [NM_022772]",4.96,4.47,-0.5,8.32,7.33,6.96,4.58,4.38,4.95,5.14,4.73,5.45,4.82,4.97,4.04,5.08,4.46,4.14,4.95,4.97,3.63,3.73,4.66,4.52,3.18,4.43,4.7,3.85,4.98,4.33,5.12,4.04,4.8,5.18,4.87,4.75,4.88,5.39,4.26,5.62,5.57,3.68,5.52,5.57,6.22,4.06,2.72,5.44,5.07,6.09,5.48,5.95,5.61,5.84,7.58,4.67,5.23,4.79,4.5,5.14,4.93,5.01,5.38,4.9,4.69,4.87,4.53,4.43,3.01,2.87,4.21,4.91,4.8,3.82,4.33,4.89,4.43,5,4.84,3.19,4.2,3.93,5.34,3.62,3.49,4.24,4.3,5.21,4.36,4.08,3.69,2.89,3.2,3.69,3.04,4.21,4.39,4.99,5.17,5.04,1.87,5.15,3.72,4.17,4.92,4.74,4.82,5.09,5.15,5.52,5.22,5.52,5.8,2.61,2.72,3.05,3.34,4.43,2.98,6.27,5.7,5.46,5.25,5.08
"INS","chr11","down",33,16,17,TRUE,2159779,2161341,1563,"-","ENSG00000254647","ENST00000397262",3630,"insulin","hs|11p15.5","Homo sapiens insulin (INS), transcript variant 1, mRNA [NM_000207]",1.38,1.06,-0.32,5.21,7.04,5.14,-0.15,0.14,0.14,1,0.26,1.93,-0.51,0.93,-0.74,1,-0.74,0.77,0.93,1.2,0.26,-0.15,2.77,0.77,0.49,0.38,1.81,1.14,1.93,1.63,2,1.58,0.38,-0.32,0.14,1,0.14,1.07,1,1.07,0.68,0.38,-0.32,0.14,1.32,2.56,0,1,0.85,4.78,4.32,4.13,4.07,3.94,4.48,5.44,7.36,0,-0.51,2.41,-0.32,0.38,0.58,-0.32,0.26,0.68,0.38,0.14,1.54,0.49,1.07,0.26,-0.15,0.93,1,1.58,-1,-0.51,0.77,0.77,0.68,-0.15,0.68,-0.32,0.77,0.26,-0.15,0.77,1.63,1,0.77,0.68,0,1.49,1.2,0.85,0.68,0.14,-0.15,0.93,0,1.07,-1,-0.32,0.49,0.49,-0.51,0.14,0.68,0.14,1,1.2,1.32,0.77,1.93,1.38,1.54,1.26,1.49,4.48,4.65,4.15,4.15,4.19
"IRF7","chr11","down",33,16,17,TRUE,612553,615999,3447,"-","ENSG00000185507","ENST00000532788",3665,"interferon regulatory factor 7","hs|11p15.5","Homo sapiens interferon regulatory factor 7 (IRF7), transcript variant d, mRNA [NM_004031]",6.3,6.16,-0.14,9.29,9.48,9.35,6.47,5.86,6.25,6.78,7.13,6.04,6.93,7.23,5.96,7.05,7.44,6.59,7.31,6.4,6.52,5.89,6.77,6.25,5.5,5.62,5.69,5.58,6.64,6.49,6.69,6.6,5.9,5.44,5.41,5.43,5.65,6.72,6.02,5.32,5.69,6.09,5.36,5.1,5.33,6.75,5.55,6.2,5.93,5.48,5.38,5.49,5.59,5.61,9.15,8.1,9.24,6.85,6.27,6.58,6.41,5.82,6.13,6.45,6.73,6.46,6.36,6.4,5.57,6.41,6.62,7.18,5.75,6.33,5.9,6.04,6.74,5.29,7.31,6.11,6.61,6.15,7.14,6.3,6.22,6.22,6.75,6.59,5.64,5.89,6.06,6.09,6.24,5.43,6.08,6.34,6.41,6.01,6.55,6.78,6.25,6.49,5.8,6.23,5.81,6.01,6.87,5.75,5.55,5.22,4.99,5.74,6.02,4.55,5.93,4.66,4.15,5.45,4.82,5.69,5.46,5.41,5.18,5.57
"PKP3","chr11","down",33,16,17,TRUE,392614,404908,12295,"+","ENSG00000184363","ENST00000331563",11187,"plakophilin 3","hs|11p15.5","Homo sapiens plakophilin 3 (PKP3), mRNA [NM_007183]",4.84,4.53,-0.31,9.19,7.85,7.04,3.96,4.33,3.99,4.69,4.08,3.31,4,4.2,4.04,4.4,4.23,4.13,3.59,4.3,4.99,4.03,3.77,4.49,4.89,5.11,4.89,4.84,4.07,4.45,4.47,3.81,3.84,4.55,4.41,4.47,4.44,5.63,5.14,4.33,4.85,4.78,5.34,3.93,6.02,4.87,5.43,6.02,5.22,6.58,5.57,5.41,5.34,5.65,5.19,5.24,7.97,4.01,2.93,3.26,4.26,4.88,4.86,4.63,5.33,4.16,4.3,4.69,5.85,4.98,4.33,4.42,4.16,4.28,4.07,4.13,3.72,3.75,3.99,3.04,3.96,3.82,3.31,4.65,3.94,4.15,3.77,4.34,4.86,5.1,3.16,3.8,4.66,5,5.27,4.47,3.14,3.61,3.52,5.25,4.33,4.37,3.37,4.27,4.66,4.74,4.46,4.49,3.6,4.69,4.34,4.89,4.94,5.48,5.16,5.3,5.71,5.12,5.26,6.13,5.97,5.4,5.12,5.14
"PNPLA2","chr11","down",33,16,17,TRUE,818914,825573,6660,"+","ENSG00000177666","ENST00000529255",57104,"patatin-like phospholipase domain containing 2","hs|11p15.5","Homo sapiens patatin-like phospholipase domain containing 2 (PNPLA2), mRNA [NM_020376]",7.69,7.38,-0.31,8.85,8.91,9.11,7.23,6.97,7.23,7.5,6.55,7.38,7.15,8.23,7.19,7.47,7.45,7.18,6.89,7.01,7.92,7.23,7.39,7.36,7.52,6.72,8.04,7.95,7.56,7.1,7.49,6.64,6.53,8.16,7.17,7.51,8,7.42,8.02,8.07,7.94,8.23,6.9,6.94,8.4,7.67,7.4,8.28,7.69,9.64,8.88,8.86,8.82,8.37,8.15,7.58,8.74,7.26,6.7,7.1,6.93,6.87,7.04,7.5,7.19,7,7.39,6.8,7.16,6.85,6.83,7.67,7.15,6.89,7.2,7.6,6.92,6.4,6.59,6.54,7.21,7.4,7.85,8.35,7.65,7.43,7.29,7.35,7.77,7.66,7.1,6.07,7.69,7.22,8.6,6.78,6.19,7.62,6.53,7.66,6.99,6.89,6.1,7.3,6.14,8.16,7.43,7.83,6.4,7.53,7.65,7.31,7.22,7.68,7.29,7.97,7.24,7.73,7.62,9.28,9.23,8.78,8.68,8.4
"RASSF7","chr11","down",33,16,17,TRUE,560404,564025,3622,"+","ENSG00000099849","ENST00000431809",8045,"Ras association (RalGDS/AF-6) domain family (N-terminal) member 7","hs|11p15.5","Homo sapiens Ras association (RalGDS/AF-6) domain family (N-terminal) member 7 (RASSF7), transcript variant 1, mRNA [NM_003475]",6.33,6.28,-0.05,7.15,6.71,8.33,4.88,6.02,5.56,6.2,6.05,6.33,5.75,6.57,6.16,6.1,6.53,6.13,6.4,6.47,5.77,5.86,6.22,6.85,6,6.44,5.97,5.75,5.7,5.56,5.96,5.97,5.7,6.65,6.02,5.55,6.34,6.49,6.83,6.26,6.35,6.24,6.76,6.17,6.99,6.88,5.87,6.89,6.61,7.95,6.83,6.84,6.54,6.81,7.29,6.54,8.42,6.34,5.88,5.92,6.94,6.08,5.87,6.05,6.13,6.12,6.65,6.86,5.79,6.36,5.65,6.18,5.26,6.16,6.22,6.19,5.79,5.85,5.59,5.89,5.89,5.59,5.92,6.33,6.09,5.77,6.32,5.49,6.15,6.21,6.36,5.88,6.6,6.43,6.47,5.82,6.18,5.51,5.61,6.23,6.11,6.14,6.42,5.77,5.61,7.4,6.61,5.81,5.66,6.4,6.44,6.12,6.59,6.55,6.33,6.99,6.75,6.95,7.13,7.69,7.27,6.74,6.63,6.62
"RNH1","chr11","down",33,16,17,TRUE,494512,507300,12789,"-","ENSG00000023191","ENST00000533592",6050,"ribonuclease/angiogenin inhibitor 1","hs|11p15.5","ribonuclease/angiogenin inhibitor 1 [Source:HGNC Symbol;Acc:10074] [ENST00000533592]",9.17,9.03,-0.14,14.63,14.15,13.75,9.73,8.87,8.62,8.47,8.95,9.17,9.31,10,7.94,9.92,9.48,9,9.43,8.8,9.07,8.66,9.06,8.87,8.09,7.94,8.32,8.09,9.14,8.86,8.89,9.64,9.27,8.66,7.89,8.56,8.47,7.83,8.22,9.44,8.92,8.62,7.64,8.34,9.36,9.6,9.61,9.49,9.66,8.05,8.78,8.78,9.02,8.7,14,13.4,8.39,9.28,9.1,8.99,8.96,8.8,8.88,9.41,9.57,9.38,8.33,8.5,8.01,9.58,9.32,9.52,8.39,8.71,9.26,9.54,9.62,8.34,9.71,9.06,9.76,8.79,9.28,9.26,9.35,9.06,9.38,9.43,8.19,7.76,9.4,9.02,8.98,7.66,7.35,9.13,9,8.72,9.45,9.37,8.82,8.83,8.43,9.04,9.38,9.45,9.82,8.34,8.05,8.06,8.02,8.75,8.56,8.68,9.79,9.02,8.59,9.09,8.95,8.35,8.05,8.47,8.72,8.7
"RPLP2","chr11","down",33,16,17,TRUE,809965,812880,2916,"+","ENSG00000177600","ENST00000321153",6181,"ribosomal protein, large, P2","hs|11p15.5","Homo sapiens ribosomal protein, large, P2 (RPLP2), mRNA [NM_001004]",5.54,5.22,-0.32,17.16,17.41,17.12,5.8,6.6,4.67,6.14,4.53,6.02,3.79,4.4,6.55,5.09,4.62,5.76,5.07,5.89,4.84,5.07,4.59,6.5,6.7,6.76,6.24,6.95,6.1,6.33,6.19,3.19,4.96,4.49,3.71,3.86,4.29,5.17,4.55,3.9,4.02,4.15,3.39,3.79,2.29,2.79,4.01,3.81,3.38,4.22,3.94,4.02,3.82,4.09,17.49,17.71,17.51,5.5,5.09,6.37,4.66,5.23,6.39,5.1,4.24,5.7,5.17,3.8,7.28,3.71,5.8,3.14,6.65,5.29,6.9,4.24,4.27,5.6,4.96,4.9,4.27,4.49,4.48,4.13,4.35,5.44,4.73,4.17,6.18,6.79,3.74,2.55,4.03,6.68,7.41,3.68,1.35,5.41,3.63,5.19,5.77,6.73,5.38,5.59,4.25,3.66,3.79,4.05,2.85,4.06,3.75,3.15,4.66,2.57,3.69,4.55,4.97,4.39,2.09,4.14,4.18,4.14,3.94,3.88
"SCT","chr11","down",33,16,17,TRUE,626309,627181,873,"-","ENSG00000070031","ENST00000176195",6343,"secretin","hs|11p15.5","Homo sapiens secretin (SCT), mRNA [NM_021920]",1.49,1.13,-0.36,4.57,5.34,5.7,0.58,0.26,1.32,0.93,0.38,2.07,1.26,2.04,0,0.68,0.85,0.77,0.38,1.07,1,0.26,1.43,1.14,0.38,0.85,0.49,0.85,1.2,0.93,2.26,0.26,0.85,1.49,2,-1,-0.74,3.5,0.14,0.85,-0.32,-1.32,-1,1.07,0.85,2.43,2.77,-0.15,1.72,6.49,4.88,4.13,4.33,3.82,4.36,3.58,7.66,0.49,0.14,0.68,0.26,0.77,1.2,0.38,1.2,0.58,0.85,0.77,0.93,0.26,1.26,1.07,0.38,-0.15,0.68,0.38,0.14,1,0.68,0.38,1.68,0.38,1.14,0.58,0.49,0.49,0.38,0.77,1.49,0.26,0.38,0.38,0.58,0.26,1,0.38,0,0.77,0,1.49,0.38,1.58,2.49,0.49,0.68,0.49,0,-1,-0.32,-0.74,0.38,0.26,0.26,0.58,0.49,1.2,0.38,3.19,1.38,5.76,5.74,4.39,4.34,4.15
"SIGIRR","chr11","down",33,16,17,TRUE,405716,417455,11740,"-","ENSG00000185187","ENST00000531205",59307,"single immunoglobulin and toll-interleukin 1 receptor (TIR) domain","hs|11p15.5","Homo sapiens single immunoglobulin and toll-interleukin 1 receptor (TIR) domain (SIGIRR), transcript variant 3, mRNA [NM_021805]",7.34,7.08,-0.27,11.03,11.64,11.85,7.79,7.29,7.13,7.4,7.87,8.07,7.63,8.18,6.85,8.12,7.9,7.53,7.46,7.65,7.6,7.35,7.8,7.6,6.77,6.8,6.99,6.52,7.43,7.5,7.63,8.15,7.49,6.49,6.36,6.77,6.44,5.59,6.17,7.06,6.23,6.14,5.77,6.06,7.21,7.32,7.23,7.32,7.13,6.31,6.51,6.17,6.58,6.52,10.58,9.9,10.72,7.55,7.76,8.58,7.49,7.55,7.4,7.8,7.91,7.83,7.5,7.58,7.41,7.42,7.64,7.62,6.99,7.25,6.63,7.64,7.45,8.15,8.09,7.35,7.63,5.07,6.83,4.81,7.09,7.49,7.21,6.33,5.64,7.23,7.66,7.29,8.22,6.53,6.87,7.53,7.25,7.2,6.09,7.46,7.39,7.53,6.87,8.04,6.2,5.5,6.51,5.5,5.68,6.27,4.06,5.7,5.72,5.41,7.65,6.3,6.56,6.82,6.82,5.98,6.39,5.57,6.07,7.53
"SLC25A22","chr11","down",33,16,17,TRUE,790475,798281,7807,"-","ENSG00000177542","ENST00000320230",79751,"solute carrier family 25 (mitochondrial carrier: glutamate), member 22","hs|11p15.5","Homo sapiens solute carrier family 25 (mitochondrial carrier: glutamate), member 22 (SLC25A22), nuclear gene encoding mitochondrial protein, transcript variant 2, mRNA [NM_024698]",5.9,5.75,-0.15,9.5,8.67,8.96,5.8,5.56,5.07,5.93,5.33,6.16,5.86,6.2,4.49,6.1,5.53,5.16,5.1,5.81,5.86,4.94,6.31,5.97,5.94,5.93,5.91,5.25,6.12,5.64,6.34,5.22,5.67,4.89,5.69,5.24,3.26,6.25,4.68,5.63,5.36,4.94,6.03,5.71,5.89,6.38,5.82,6,5.82,7.52,6.63,6.61,5.9,6.34,9.14,7.33,3.14,5.81,5.43,5.75,5.66,5.59,5.67,5.75,5.6,5.53,5.88,5.42,6.47,6.09,5.77,6.71,5,5.63,5.76,5.6,5.26,5.87,5.93,5.33,5.31,5.55,5.55,6.96,5.21,5.46,5.19,5.66,6.01,6.34,5.45,5.62,6.57,5.46,6.26,5.36,5.03,6.17,5.98,6.04,5.99,5.9,4.4,5.85,5.59,6.6,5.85,5.64,4.9,5.55,5.67,5.54,6.33,3.26,6.55,3.6,5.65,4.18,6.43,6.94,7.22,6.36,6.3,6.25
"TMEM80","chr11","down",33,16,17,TRUE,695428,705028,9601,"+","ENSG00000177042","ENST00000492023",283232,"transmembrane protein 80","hs|11p15.5","Homo sapiens transmembrane protein 80 (TMEM80), transcript variant 2, mRNA [NM_001042463]",6.83,6.74,-0.09,11.07,11.2,10.91,7.36,7.19,6.81,7.28,7.01,7.03,6.74,7.34,6.86,7.14,7.36,7.04,7.12,6.95,7.18,7.23,7.29,7.35,6.54,6.64,6.82,6.42,7.3,7.46,7.02,7.15,6.85,6.03,5.79,5.55,5.45,5.66,6.12,5.68,5.52,5.86,5.55,5.18,5.85,6.71,6.83,6.39,6.3,5.7,5.94,6.22,6.24,6.28,10.54,11.23,11.55,7.23,7.16,7.26,7.28,7.27,7.21,6.64,6.61,6.68,6.97,6.89,6.43,6.45,6.67,7.27,6.63,6.73,7.02,7.03,6.97,6.58,7.1,6.91,6.65,6.52,6.94,6.95,6.9,7.06,7,6.92,6.82,6.38,7.11,7.18,7.18,6.48,6.55,6.85,6.8,7.21,6.87,6.41,7.31,7.19,6.83,6.84,6.67,6.86,6.75,5.19,6.04,5.22,3.44,5.1,4.68,4.77,5.69,6.17,5.85,6.08,5.78,5.86,5.84,6.25,6.21,6.15
"TNNI2","chr11","down",33,16,17,TRUE,1838981,1841680,2700,"+","ENSG00000130598","ENST00000381906",7136,"troponin I type 2 (skeletal, fast)","hs|11p15.5","Homo sapiens troponin I type 2 (skeletal, fast) (TNNI2), transcript variant 1, mRNA [NM_003282]",2.01,1.53,-0.48,6.01,5.69,9.81,1.07,0.93,0.85,1.68,1,3.25,1.43,0.85,1.38,0.93,1.38,0.49,0.85,0.58,1,1.2,2.17,1.07,0.49,1.32,2.23,0.49,1.85,0.58,1.2,0.77,1.81,0.58,0.68,0.93,1.63,3.55,2.87,1.85,0.49,0.26,0.77,0.49,1.58,2.49,2.32,3.19,1.43,5.23,4.41,4.61,4.56,4.34,5.74,4.43,7.14,1.14,1.72,1.14,0.68,1.93,1.96,0.85,1.49,0.68,1.49,1,0.68,0.93,1,0.14,1.2,1.14,1.2,0.77,0.49,1.32,1.07,1,0.85,1.07,1.26,1.77,0.58,0.38,0.49,1.49,1.63,0.93,0.38,0.49,1.38,1,2,0.38,0.38,1.2,0.68,1.93,0.85,0.93,0.93,1.32,0.77,1,1.26,1.2,0.14,-0.15,1.32,0.58,1.58,0.38,1.72,1.38,2.38,1.54,1.85,4.94,5.07,4.49,4.47,4.52
